{"metrics/score": 2276.2431640625, "metrics/Q_value": 19.65877914428711, "loss/Q_1": 10.829488754272461, "loss/Q_2": 11.246560096740723, "loss/policy": -22.026840209960938, "loss/alpha": -55.616790771484375, "_timestamp": 1682054933, "_runtime": 5855, "_step": 524}