{"metrics/score": 498.4741516113281, "metrics/Q_value": 1.4518758058547974, "loss/Q_1": 0.6727285385131836, "loss/Q_2": 0.7138510942459106, "loss/policy": -2.3954529762268066, "loss/alpha": -20.704837799072266, "_timestamp": 1681982902, "_runtime": 1176, "_step": 114}