{"loss/alpha": -18.79026985168457, "loss/policy": -90.76812744140625, "metrics/score": 2286.84619140625, "metrics/Q_value": 90.72236633300781, "_step": 6626, "loss/Q_1": 2.7174293994903564, "_timestamp": 1682048086, "_runtime": 65295, "loss/Q_2": 2.648674249649048}