{"loss/Q_1": 1.9918292760849, "_timestamp": 1681983037, "loss/policy": -3.2828962802886963, "loss/alpha": -20.757278442382812, "metrics/score": 390.2432556152344, "metrics/Q_value": 2.3039674758911133, "_step": 117, "_runtime": 1280, "loss/Q_2": 2.21134090423584}